id,client_id,phone_v,email_v,social_network_v
1,99,+996555266856,Isase@gmail.com,Isase
2,98,+996555370785,Grati@gmail.com,Grati
3,97,+996555207429,Phobella@gmail.com,Phobella
4,96,+996555710317,Amgen@gmail.com,Amgen
5,95,+996555349505,Soma@gmail.com,Soma
6,94,+996555629990,Georgen@gmail.com,Georgen
7,93,+996555765062,Phopy@gmail.com,Phopy
8,92,+996555925645,Olivia@gmail.com,Olivia
9,90,+996555808527,Brookehie@gmail.com,Brookehie
10,89,+996555281047,Leby@gmail.com,Leby
11,88,+996555195021,Brookesie@gmail.com,Brookesie
12,87,+996555677213,Brookeny@gmail.com,Brookeny
13,86,+996555975873,Katra@gmail.com,Katra
14,85,+996555018290,Liisy@gmail.com,Liisy
15,84,+996555474570,Molava@gmail.com,Molava
16,83,+996555913681,Lutrice@gmail.com,Lutrice
17,82,+996555049925,Aibella@gmail.com,Aibella
18,81,+996555091000,Evacie@gmail.com,Evacie
19,80,+996555006480,Paison@gmail.com,Paison
20,79,+996555615529,Floce@gmail.com,Floce
21,78,+996555101150,Franna@gmail.com,Franna
22,77,+996555769751,Aimine@gmail.com,Aimine
23,76,+996555522639,Jesdi@gmail.com,Jesdi
24,75,+996555191716,Jassca@gmail.com,Jassca
25,73,+996555278938,Darson@gmail.com,Darson
26,72,+996555906528,Matha@gmail.com,Matha
27,71,+996555572773,Olisica@gmail.com,Olisica
28,70,+996555808264,Scarloe@gmail.com,Scarloe
29,69,+996555414692,Samer@gmail.com,Samer
30,68,+996555214210,Zagen@gmail.com,Zagen
31,67,+996555388851,Amesca@gmail.com,Amesca
32,66,+996555340158,Bethana@gmail.com,Bethana
33,65,+996555230644,Maiava@gmail.com,Maiava
34,64,+996555379693,Lyly@gmail.com,Lyly
35,63,+996555035323,Vioyam@gmail.com,Vioyam
36,62,+996555858108,Chnah@gmail.com,Chnah
37,61,+996555576806,Chcie@gmail.com,Chcie
38,60,+996555417897,Paicy@gmail.com,Paicy
39,59,+996555812958,Ticy@gmail.com,Ticy
40,58,+996555725573,Vicfia@gmail.com,Vicfia
41,57,+996555729205,Dexron@gmail.com,Dexron
42,56,+996555125643,Fredlan@gmail.com,Fredlan
43,55,+996555419221,Louieme@gmail.com,Louieme
44,54,+996555795420,Wivid@gmail.com,Wivid
45,53,+996555946675,Moward@gmail.com,Moward
46,52,+996555810936,Fetin@gmail.com,Fetin
47,51,+996555700119,Lukeles@gmail.com,Lukeles
48,50,+996555416111,Thovid@gmail.com,Thovid
49,48,+996555498209,Aarles@gmail.com,Aarles
50,47,+996555368168,Kiden@gmail.com,Kiden
51,46,+996555877284,Osmu@gmail.com,Osmu
52,45,+996555950287,Huca@gmail.com,Huca
53,44,+996555514003,Maxon@gmail.com,Maxon
54,43,+996555025393,Fredham@gmail.com,Fredham
55,42,+996555527394,Many@gmail.com,Many
56,41,+996555880840,Blakegan@gmail.com,Blakegan
57,40,+996555385990,Ryanel@gmail.com,Ryanel
58,39,+996555933069,Tyel@gmail.com,Tyel
59,38,+996555529046,Henley@gmail.com,Henley
60,37,+996555410200,Concar@gmail.com,Concar
61,36,+996555511997,Benmes@gmail.com,Benmes
62,35,+996555978911,Aibas@gmail.com,Aibas
63,34,+996555704233,Jackme@gmail.com,Jackme
64,33,+996555708228,Lirick@gmail.com,Lirick
65,32,+996555295807,Jayja@gmail.com,Jayja
66,31,+996555045923,Hargan@gmail.com,Hargan
67,30,+996555359053,Rocar@gmail.com,Rocar
68,29,+996555877675,Naward@gmail.com,Naward
69,28,+996555943239,Frebas@gmail.com,Frebas
70,27,+996555467403,Finmas@gmail.com,Finmas
71,26,+996555374623,Oster@gmail.com,Oster
72,25,+996555870747,Reumas@gmail.com,Reumas
73,24,+996555133177,Louis@gmail.com,Louis
74,23,+996555163631,Matny@gmail.com,Matny
75,22,+996555445710,Joshtin@gmail.com,Joshtin
76,21,+996555430211,Loby@gmail.com,Loby
77,19,+996555031204,Muhlan@gmail.com,Muhlan
78,18,+996555359705,Bobcob@gmail.com,Bobcob
79,17,+996555158598,Elny@gmail.com,Elny
80,16,+996555097580,Olicas@gmail.com,Olicas
81,15,+996555170102,Calleb@gmail.com,Calleb
82,14,+996555062322,Motian@gmail.com,Motian
83,13,+996555275433,Olter@gmail.com,Olter
84,12,+996555228226,Kichie@gmail.com,Kichie
85,11,+996555161242,Ausham@gmail.com,Ausham
86,10,+996555448511,Noahny@gmail.com,Noahny
87,9,+996555339615,Hulum@gmail.com,Hulum
88,8,+996555492611,Olli@gmail.com,Olli
89,7,+996555378540,Olan@gmail.com,Olan
90,6,+996555822271,Rian@gmail.com,Rian
91,5,+996555826266,Tedthur@gmail.com,Tedthur
92,4,+996555711213,Stanmie@gmail.com,Stanmie
93,3,+996555248626,Lolie@gmail.com,Lolie
94,2,+996555669491,Rike@gmail.com,Rike
95,1,+996555725652,Toby@gmail.com,Toby